epoch,step,test_loss,train_loss_step
0,49,,40.39313289963908
0,90,40.52792970513089,
