epoch,step,val_loss
0,99,1482.3609897401739
1,199,448.7757891916782
2,299,482.6591616994674
3,399,379.03786348530946
4,499,485.092410698064
5,599,366.32743101939917
