epoch,step,train_loss_step
0,49,2.939003120401581e+28
0,99,2.4057703932366385e+28
0,149,1.9692837836054022e+28
0,199,1.611990334270797e+28
0,249,1.3195217771124742e+28
0,299,1.0801167248078897e+28
0,349,8.841476961164849e+27
0,399,7.237339544826535e+27
