epoch,step,val_loss
0,99,525.2754761314172
1,199,444.3668513972477
2,299,314.05508307892785
3,399,322.5403635914677
