epoch,step,test_loss,val_loss
0,99,,2003.9626405520364
1,199,,1751.3731844409638
2,299,,1080.438850104311
3,399,,741.1119876172113
4,499,,632.777590877758
5,599,,533.0423822550251
6,699,,504.1388153153855
7,799,,488.77513089201244
8,899,,472.93769327072573
9,999,,474.20722725747913
10,1099,,453.43386743460985
11,1199,,444.01899866835174
12,1299,,448.8709675233262
13,1399,,435.63038787624674
14,1406,441.84693685939476,
