epoch,step,val_loss
0,99,648.3349317548091
1,199,492.99895045046264
2,299,428.3791730632069
3,399,426.34406253992506
4,499,441.1369469688597
5,599,432.05607075797985
6,699,407.9394975280768
7,799,405.625218963342
8,899,407.8631385004537
9,999,401.18390446445426
10,1099,401.53743740238133
11,1199,423.5646637961888
12,1299,392.0470057712074
13,1399,425.09099514875544
14,1499,392.3308809629582
15,1599,395.61369082048026
