epoch,step,test_loss,train_loss_step
0,49,,2196.194763351094
0,79,2423.37274795364,
