epoch,step,val_loss
0,99,2596.157945924439
1,199,2742.833760634818
